date,oil_rate_bbl_d,gas_rate_mscf_d,water_rate_bbl_d,wellhead_pressure_psi,temperature_f
2022-01-01,214.8,162.64,0.0,1949.1,225.5
2022-01-02,204.74,186.12,0.51,1968.1,224.1
2022-01-03,219.13,199.44,1.1,1920.1,224.2
2022-01-04,223.97,175.51,1.69,1901.5,228.1
2022-01-05,209.17,165.17,2.1,1915.8,226.3
2022-01-06,188.63,157.34,2.37,1971.0,225.0
2022-01-07,205.59,167.86,3.11,1891.5,229.9
2022-01-08,204.53,179.49,3.61,1951.2,226.9
2022-01-09,222.61,192.74,4.49,1934.0,227.5
2022-01-10,209.93,174.29,4.76,1934.3,228.9
2022-01-11,200.9,156.42,5.07,1948.2,224.5
2022-01-12,218.78,179.91,6.07,1907.3,224.9
2022-01-13,202.85,190.6,6.14,1939.8,227.5
2022-01-14,202.33,170.62,6.64,1921.4,220.8
2022-01-15,198.12,177.08,7.0,1889.9,231.5
2022-01-16,214.54,182.27,8.13,1912.3,228.2
2022-01-17,196.92,178.48,7.96,1911.3,227.2
2022-01-18,208.49,173.32,8.96,1861.2,228.4
2022-01-19,205.54,181.83,9.36,1888.6,228.8
2022-01-20,201.78,176.48,9.7,1915.9,228.1
2022-01-21,209.82,175.77,10.62,1907.1,229.1
2022-01-22,215.68,180.72,11.47,1923.2,229.8
2022-01-23,187.52,144.94,10.45,1926.0,230.9
2022-01-24,197.79,161.86,11.53,1880.4,225.8
2022-01-25,196.57,184.39,11.96,1881.5,225.0
2022-01-26,199.63,181.48,12.65,1862.8,225.0
2022-01-27,192.42,159.85,12.69,1902.5,227.9
2022-01-28,187.59,149.85,12.85,1879.4,223.8
2022-01-29,196.27,173.87,13.95,1911.7,224.7
2022-01-30,206.94,175.18,15.24,1907.1,228.5
2022-01-31,194.52,166.18,14.82,1894.2,226.5
2022-02-01,200.17,164.52,15.77,1873.6,227.2
2022-02-02,210.67,188.92,17.13,1902.3,230.7
2022-02-03,196.9,166.44,16.52,1878.4,229.5
2022-02-04,204.52,176.01,17.68,1881.3,227.9
2022-02-05,205.0,162.06,18.25,1835.9,225.4
2022-02-06,206.1,165.28,18.88,1880.2,227.1
2022-02-07,213.81,168.17,20.14,1871.5,225.7
2022-02-08,192.02,163.77,18.58,1866.4,226.9
2022-02-09,201.65,168.91,20.03,1855.0,225.6
2022-02-10,194.53,151.45,19.83,1833.9,227.6
2022-02-11,196.83,166.74,20.57,1861.6,226.8
2022-02-12,195.58,164.14,20.94,1817.5,225.6
2022-02-13,202.65,153.19,22.22,1854.3,224.9
2022-02-14,186.0,149.45,20.88,1845.6,230.6
2022-02-15,194.18,163.86,22.3,1881.2,226.0
2022-02-16,177.96,140.68,20.9,1890.5,229.5
2022-02-17,182.08,149.77,21.85,1820.7,227.1
2022-02-18,183.79,147.45,22.53,1864.9,227.6
2022-02-19,194.44,149.23,24.34,1833.9,227.6
2022-02-20,192.41,143.35,24.58,1835.8,226.8
2022-02-21,201.23,157.79,26.23,1833.5,227.4
2022-02-22,196.93,180.4,26.18,1867.4,228.5
2022-02-23,187.13,146.26,25.37,1837.2,224.8
2022-02-24,215.03,177.61,29.71,1846.0,227.0
2022-02-25,188.26,156.34,26.5,1802.2,227.4
2022-02-26,173.09,158.21,24.81,1810.8,228.7
2022-02-27,173.96,129.93,25.39,1820.7,226.5
2022-02-28,191.79,154.04,28.49,1829.9,227.0
2022-03-01,170.48,144.08,25.77,1841.4,228.9
2022-03-02,186.23,154.16,28.63,1814.4,224.1
2022-03-03,181.08,147.59,28.31,1852.2,229.6
2022-03-04,201.32,172.28,32.0,1816.8,225.7
2022-03-05,172.69,128.57,27.9,1806.5,229.5
2022-03-06,192.12,157.57,31.53,1835.7,229.9
2022-03-07,179.45,145.09,29.92,1830.7,226.7
2022-03-08,178.24,154.91,30.19,1778.7,229.4
2022-03-09,195.72,145.57,33.66,1844.5,226.7
2022-03-10,176.81,145.48,30.86,1800.0,225.9
2022-03-11,172.97,142.63,30.64,1804.6,228.2
2022-03-12,176.48,143.61,31.73,1789.4,229.1
2022-03-13,171.26,138.17,31.23,1796.5,225.5
2022-03-14,166.2,137.22,30.75,1768.9,223.9
2022-03-15,172.59,151.34,32.38,1807.2,227.8
2022-03-16,164.78,141.42,31.34,1786.7,230.7
2022-03-17,171.12,137.09,33.0,1791.3,227.4
2022-03-18,170.54,136.57,33.33,1815.3,230.0
2022-03-19,180.32,141.62,35.71,1802.8,229.6
2022-03-20,166.24,145.09,33.36,1791.7,229.2
2022-03-21,182.63,147.15,37.12,1829.2,227.1
2022-03-22,157.89,123.04,32.51,1764.6,226.1
2022-03-23,168.41,140.46,35.11,1787.5,227.7
2022-03-24,174.35,146.75,36.81,1809.7,225.1
2022-03-25,172.32,141.0,36.83,1812.9,229.1
2022-03-26,176.0,146.88,38.07,1750.9,226.6
2022-03-27,163.36,134.39,35.77,1764.0,227.1
2022-03-28,191.38,162.83,42.4,1799.6,227.0
2022-03-29,188.54,158.55,42.27,1765.6,225.9
2022-03-30,151.45,121.61,34.35,1774.3,226.3
2022-03-31,178.92,153.27,41.04,1761.6,228.2
2022-04-01,170.26,135.19,39.5,1769.2,225.1
2022-04-02,171.88,134.91,40.33,1698.4,225.2
2022-04-03,171.7,143.65,40.74,1758.1,225.7
2022-04-04,165.35,139.78,39.66,1762.7,227.6
2022-04-05,170.85,147.86,41.43,1753.1,224.2
2022-04-06,184.57,167.37,45.24,1762.6,226.0
2022-04-07,186.72,140.66,46.25,1732.0,222.8
2022-04-08,169.75,136.7,42.49,1762.2,224.2
2022-04-09,156.56,130.71,39.6,1787.9,226.6
2022-04-10,167.87,151.11,42.9,1779.0,228.0
2022-04-11,167.05,135.86,43.13,1765.4,227.6
2022-04-12,181.5,138.19,47.33,1754.7,227.4
2022-04-13,158.77,124.5,41.82,1733.4,226.3
2022-04-14,152.73,125.44,40.63,1735.9,229.8
2022-04-15,162.29,137.3,43.6,1761.3,226.5
2022-04-16,173.4,159.78,47.04,1739.3,224.5
2022-04-17,159.64,128.09,43.72,1782.6,230.2
2022-04-18,165.05,140.6,45.63,1703.6,225.7
2022-04-19,173.0,151.02,48.29,1732.5,226.9
2022-04-20,153.58,123.74,43.27,1723.7,229.4
2022-04-21,165.18,148.5,46.96,1748.6,226.1
2022-04-22,167.7,135.03,48.12,1751.0,229.7
2022-04-23,170.69,134.19,49.42,1703.7,227.7
2022-04-24,161.58,144.38,47.21,1700.8,228.5
2022-04-25,177.35,146.74,52.28,1710.4,227.9
2022-04-26,160.28,125.42,47.67,1735.0,226.9
2022-04-27,170.61,138.35,51.18,1731.0,230.6
2022-04-28,172.83,138.15,52.3,1687.8,229.0
2022-04-29,142.45,114.81,43.48,1724.5,224.0
2022-04-30,175.52,146.83,54.03,1720.0,226.5
2022-05-01,153.75,125.26,47.73,1713.9,229.0
2022-05-02,158.72,145.21,49.69,1725.0,222.7
2022-05-03,170.78,139.04,53.91,1716.0,225.8
2022-05-04,158.07,130.05,50.31,1711.3,229.6
2022-05-05,160.57,143.02,51.52,1731.2,228.1
2022-05-06,168.37,148.32,54.47,1736.7,226.4
2022-05-07,161.94,139.33,52.81,1696.1,228.9
2022-05-08,152.18,123.63,50.02,1701.2,231.8
2022-05-09,169.46,150.67,56.14,1714.2,225.6
2022-05-10,162.34,131.97,54.21,1695.2,225.0
2022-05-11,146.79,115.18,49.4,1711.1,230.9
2022-05-12,157.97,127.04,53.57,1698.0,229.5
2022-05-13,161.25,139.06,55.1,1709.2,226.9
2022-05-14,155.08,126.87,53.4,1705.3,227.6
2022-05-15,145.03,121.45,50.32,1688.4,229.2
2022-05-16,146.67,115.6,51.26,1706.3,229.2
2022-05-17,151.99,131.22,53.52,1700.8,229.3
2022-05-18,159.75,127.53,56.67,1731.2,225.8
2022-05-19,165.71,131.28,59.21,1646.3,226.9
2022-05-20,145.28,119.16,52.29,1694.6,231.4
2022-05-21,151.39,117.28,54.88,1700.4,228.8
2022-05-22,139.25,110.09,50.84,1722.3,230.8
2022-05-23,155.0,122.88,56.99,1665.7,227.9
2022-05-24,166.65,139.77,61.71,1676.5,226.5
2022-05-25,162.54,129.93,60.61,1663.3,225.6
2022-05-26,152.19,128.07,57.14,1706.3,226.6
2022-05-27,151.38,124.49,57.23,1653.6,229.9
2022-05-28,150.84,122.1,57.42,1657.5,227.7
2022-05-29,151.01,132.97,57.87,1636.4,224.6
2022-05-30,153.17,116.48,59.1,1607.9,225.5
2022-05-31,149.88,128.1,58.21,1662.2,232.1
2022-06-01,152.27,119.04,59.54,1658.2,225.8
2022-06-02,143.43,114.04,56.45,1653.9,228.0
2022-06-03,155.09,125.79,61.44,1669.0,229.3
2022-06-04,156.07,127.9,62.23,1670.5,226.8
2022-06-05,169.85,140.43,68.16,1639.6,222.7
2022-06-06,154.5,128.75,62.4,1652.9,225.0
2022-06-07,149.29,120.58,60.68,1647.6,225.6
2022-06-08,162.21,118.36,66.35,1648.2,224.6
2022-06-09,160.37,128.03,66.01,1676.3,230.3
2022-06-10,144.18,124.48,59.72,1653.0,229.1
2022-06-11,162.22,138.21,67.61,1663.7,230.0
2022-06-12,151.47,129.24,63.51,1637.2,225.7
2022-06-13,138.23,113.09,58.32,1616.8,227.0
2022-06-14,142.97,121.32,60.68,1659.3,229.5
2022-06-15,143.46,116.04,61.26,1650.8,223.9
2022-06-16,158.74,129.05,68.19,1624.9,231.2
2022-06-17,148.77,119.61,64.29,1629.1,229.8
2022-06-18,147.91,128.44,64.3,1642.0,228.3
2022-06-19,146.43,105.52,64.03,1636.6,226.2
2022-06-20,161.08,134.2,70.85,1625.1,224.8
2022-06-21,144.74,120.58,64.03,1604.0,228.8
2022-06-22,142.91,119.55,63.59,1662.4,230.5
2022-06-23,154.3,127.23,69.04,1622.4,228.2
2022-06-24,146.55,128.88,65.95,1643.8,228.8
2022-06-25,155.28,128.83,70.27,1570.1,228.8
2022-06-26,141.73,116.09,64.5,1592.7,227.8
2022-06-27,145.72,124.6,66.69,1637.8,228.5
2022-06-28,157.09,119.66,72.29,1610.3,230.5
2022-06-29,140.26,111.87,64.9,1633.4,228.6
2022-06-30,150.53,131.25,70.04,1598.9,227.7
2022-07-01,132.15,110.94,61.82,1606.3,225.9
2022-07-02,148.21,114.07,69.71,1592.1,229.1
2022-07-03,137.98,129.32,65.25,1625.2,227.6
2022-07-04,148.64,122.06,70.67,1597.3,227.7
2022-07-05,134.05,106.73,64.07,1618.9,228.6
2022-07-06,148.97,114.47,71.58,1630.7,227.5
2022-07-07,140.95,124.67,68.08,1594.9,228.2
2022-07-08,143.99,113.62,69.91,1595.4,227.9
2022-07-09,141.65,115.01,69.13,1585.3,226.8
2022-07-10,139.76,117.65,68.56,1633.6,229.2
2022-07-11,135.56,100.92,66.84,1590.1,222.3
2022-07-12,133.15,114.82,65.99,1585.9,228.6
2022-07-13,144.47,114.23,71.96,1566.7,225.4
2022-07-14,131.37,114.7,65.77,1576.1,229.8
2022-07-15,137.91,115.85,69.39,1576.8,223.8
2022-07-16,131.68,115.33,66.58,1605.8,226.4
2022-07-17,136.02,113.82,69.12,1576.3,228.3
2022-07-18,125.1,108.97,63.88,1573.4,227.2
2022-07-19,145.96,123.67,74.9,1594.3,226.0
2022-07-20,142.49,117.67,73.47,1577.9,229.7
2022-07-21,136.91,115.35,70.94,1553.9,224.8
2022-07-22,138.22,97.39,71.96,1605.1,227.7
2022-07-23,144.74,116.62,75.72,1561.3,226.2
2022-07-24,132.73,116.49,69.77,1576.4,229.0
2022-07-25,145.05,112.43,76.6,1578.1,226.3
2022-07-26,131.03,105.36,69.53,1523.4,227.5
2022-07-27,135.29,103.52,72.12,1559.3,226.9
2022-07-28,125.86,94.97,67.41,1552.4,227.3
2022-07-29,144.28,117.17,77.63,1538.8,227.8
2022-07-30,132.79,112.25,71.77,1558.5,227.6
2022-07-31,136.71,111.6,74.24,1561.6,227.4
2022-08-01,128.99,100.01,70.36,1568.4,226.1
2022-08-02,132.49,103.13,72.6,1558.2,227.9
2022-08-03,126.86,99.87,69.82,1553.4,225.1
2022-08-04,127.65,104.03,70.57,1584.8,228.2
2022-08-05,122.16,96.22,67.84,1544.1,227.4
2022-08-06,130.98,114.35,73.06,1515.9,223.0
2022-08-07,127.71,101.85,71.55,1531.6,227.9
2022-08-08,146.75,118.42,82.58,1568.8,230.9
2022-08-09,124.4,105.66,70.3,1540.6,227.3
2022-08-10,126.94,94.26,72.05,1525.5,227.8
2022-08-11,136.22,121.29,77.65,1555.8,226.0
2022-08-12,124.4,107.21,71.22,1571.0,232.2
2022-08-13,129.69,111.62,74.56,1534.5,232.0
2022-08-14,134.99,107.51,77.94,1549.6,230.9
2022-08-15,134.21,106.21,77.82,1564.5,231.7
2022-08-16,129.98,104.23,75.68,1575.1,225.7
2022-08-17,128.79,104.46,75.3,1543.1,224.9
2022-08-18,135.37,119.14,79.47,1529.3,233.1
2022-08-19,136.71,102.0,80.59,1527.4,227.1
2022-08-20,128.99,113.73,76.35,1483.5,225.8
2022-08-21,131.6,107.72,78.22,1499.9,228.4
2022-08-22,124.66,108.74,74.4,1533.9,225.2
2022-08-23,135.07,113.93,80.93,1574.7,228.0
2022-08-24,132.41,113.09,79.65,1509.4,225.8
2022-08-25,125.13,108.52,75.58,1514.7,229.3
2022-08-26,123.58,101.64,74.94,1525.9,225.7
2022-08-27,138.14,108.85,84.1,1547.4,225.1
2022-08-28,123.18,97.29,75.29,1497.8,225.6
2022-08-29,124.79,108.28,76.57,1503.9,228.1
2022-08-30,117.97,105.21,72.67,1511.8,226.2
2022-08-31,132.07,105.29,81.67,1512.8,229.2
2022-09-01,122.1,106.72,75.8,1512.4,227.4
2022-09-02,125.23,108.69,78.04,1514.6,228.7
2022-09-03,124.41,95.15,77.83,1517.0,225.6
2022-09-04,139.38,120.77,87.52,1510.6,227.1
2022-09-05,135.52,108.81,85.41,1502.4,227.4
2022-09-06,126.13,112.38,79.8,1473.3,225.9
2022-09-07,119.85,100.47,76.11,1473.3,226.5
2022-09-08,124.43,116.03,79.31,1482.8,228.3
2022-09-09,122.97,101.76,78.67,1518.9,224.1
2022-09-10,132.96,106.79,85.37,1523.1,226.6
2022-09-11,138.76,118.14,89.43,1466.3,227.2
2022-09-12,124.67,107.41,80.64,1510.5,224.9
2022-09-13,127.31,108.64,82.65,1458.6,223.3
2022-09-14,134.16,109.2,87.41,1500.9,227.3
2022-09-15,125.13,107.87,81.82,1478.1,225.5
2022-09-16,116.76,91.17,76.62,1442.7,224.0
2022-09-17,120.77,88.79,79.53,1463.7,225.8
2022-09-18,121.16,102.38,80.08,1470.6,228.0
2022-09-19,116.56,107.57,77.31,1489.7,228.3
2022-09-20,120.99,103.52,80.52,1478.4,227.0
2022-09-21,111.28,88.77,74.32,1475.4,229.7
2022-09-22,108.3,88.43,72.58,1470.5,228.8
2022-09-23,119.62,99.29,80.44,1494.5,225.0
2022-09-24,118.41,93.81,79.91,1453.1,226.3
2022-09-25,130.19,102.69,88.16,1482.1,223.2
2022-09-26,116.43,98.46,79.11,1517.9,230.2
2022-09-27,120.86,102.49,82.4,1479.3,226.5
2022-09-28,116.31,92.03,79.57,1477.0,231.8
2022-09-29,107.69,83.2,73.91,1452.1,226.6
2022-09-30,118.04,96.87,81.29,1504.6,227.1
2022-10-01,119.42,96.92,82.51,1446.3,228.6
2022-10-02,114.64,98.11,79.47,1459.0,231.0
2022-10-03,116.45,92.91,81.0,1415.5,231.3
2022-10-04,122.94,103.57,85.78,1444.5,227.5
2022-10-05,115.56,97.76,80.9,1471.1,227.3
2022-10-06,124.37,107.18,87.35,1451.7,226.3
2022-10-07,117.94,97.35,83.1,1473.9,231.2
2022-10-08,122.6,98.1,86.66,1455.5,228.8
2022-10-09,125.4,102.37,88.93,1459.7,226.2
2022-10-10,110.73,90.89,78.78,1468.2,229.3
2022-10-11,121.94,111.15,87.03,1415.1,228.8
2022-10-12,123.12,99.31,88.14,1462.1,226.1
2022-10-13,121.43,110.19,87.21,1436.2,226.4
2022-10-14,113.47,94.26,81.75,1432.5,225.1
2022-10-15,98.96,80.36,71.52,1419.1,229.8
2022-10-16,128.56,102.94,93.19,1448.1,226.4
2022-10-17,105.31,82.52,76.58,1440.2,225.0
2022-10-18,125.43,102.96,91.48,1453.0,230.4
2022-10-19,107.18,88.49,78.41,1403.7,228.1
2022-10-20,106.44,88.23,78.11,1454.1,223.1
2022-10-21,113.79,104.73,83.75,1441.7,228.9
2022-10-22,112.72,99.87,83.22,1412.3,223.6
2022-10-23,125.18,104.16,92.7,1448.6,225.8
2022-10-24,108.94,88.39,80.91,1434.8,228.3
2022-10-25,117.55,90.45,87.56,1399.9,228.3
2022-10-26,115.02,96.53,85.93,1427.3,225.9
2022-10-27,106.97,93.01,80.15,1371.8,224.8
2022-10-28,114.82,101.36,86.29,1434.5,231.0
2022-10-29,111.04,89.38,83.69,1406.0,230.4
2022-10-30,117.81,90.92,89.05,1384.5,226.9
2022-10-31,109.82,90.99,83.25,1369.0,227.3
2022-11-01,119.01,100.96,90.48,1420.8,226.0
2022-11-02,112.62,91.73,85.87,1410.6,226.8
2022-11-03,103.67,87.9,79.26,1405.1,227.4
2022-11-04,100.31,82.6,76.91,1415.2,228.9
2022-11-05,119.92,100.1,92.21,1409.0,224.0
2022-11-06,109.33,91.63,84.31,1422.1,228.2
2022-11-07,109.06,90.0,84.34,1405.6,230.5
2022-11-08,110.55,85.66,85.73,1394.9,226.7
2022-11-09,108.74,95.55,84.55,1393.7,225.4
2022-11-10,109.36,87.87,85.27,1405.7,229.6
2022-11-11,99.64,72.83,77.91,1409.2,225.2
2022-11-12,113.33,93.27,88.86,1386.6,224.8
2022-11-13,108.97,91.86,85.67,1387.4,223.7
2022-11-14,111.59,96.72,87.97,1400.9,228.4
2022-11-15,104.62,87.44,82.69,1400.6,224.8
2022-11-16,107.32,89.13,85.06,1373.9,224.0
2022-11-17,99.46,82.9,79.04,1365.7,227.7
2022-11-18,112.87,90.05,89.93,1390.8,225.2
2022-11-19,106.06,86.21,84.73,1397.8,228.6
2022-11-20,93.69,80.92,75.04,1392.3,228.4
2022-11-21,104.34,84.11,83.8,1357.5,227.5
2022-11-22,108.06,90.03,87.01,1390.6,225.8
2022-11-23,113.61,91.97,91.72,1399.7,229.0
2022-11-24,97.87,78.39,79.21,1372.4,224.5
2022-11-25,112.25,92.0,91.09,1366.5,229.7
2022-11-26,108.88,89.32,88.58,1401.7,226.9
2022-11-27,102.56,84.26,83.65,1398.0,227.2
2022-11-28,109.39,91.77,89.45,1356.5,228.1
2022-11-29,106.12,79.38,87.0,1377.8,230.0
2022-11-30,101.37,82.11,83.31,1350.6,228.0
2022-12-01,109.8,93.38,90.47,1379.6,226.5
2022-12-02,111.07,98.36,91.75,1359.9,228.6
2022-12-03,96.31,74.87,79.75,1348.3,229.7
2022-12-04,105.26,82.29,87.38,1338.1,229.4
2022-12-05,102.35,85.6,85.17,1390.1,227.8
2022-12-06,105.37,91.63,87.9,1354.5,227.9
2022-12-07,101.04,80.38,84.5,1425.8,228.2
2022-12-08,110.27,82.9,92.44,1389.4,229.1
2022-12-09,92.69,77.6,77.89,1385.5,227.1
2022-12-10,103.0,81.51,86.76,1317.3,227.8
2022-12-11,99.17,88.56,83.74,1354.2,227.7
2022-12-12,100.46,82.6,85.03,1313.4,224.6
2022-12-13,91.64,71.33,77.75,1363.3,226.2
2022-12-14,107.67,85.06,91.57,1351.3,229.4
2022-12-15,93.93,78.25,80.07,1380.8,231.4
2022-12-16,103.09,83.81,88.09,1328.6,227.6
2022-12-17,97.79,81.28,83.76,1357.6,227.2
2022-12-18,98.98,93.9,84.97,1347.5,226.3
2022-12-19,103.1,80.76,88.72,1344.8,222.6
2022-12-20,106.14,91.1,91.54,1359.7,230.6
2022-12-21,93.13,82.15,80.5,1352.3,225.9
2022-12-22,97.49,85.46,84.46,1358.6,224.1
2022-12-23,100.72,79.06,87.46,1350.6,228.1
2022-12-24,98.9,82.22,86.08,1345.8,227.5
2022-12-25,103.12,79.08,89.96,1322.1,231.7
2022-12-26,106.15,91.25,92.8,1329.4,228.4
2022-12-27,95.22,76.9,83.43,1313.4,230.6
2022-12-28,94.18,79.18,82.71,1326.8,228.9
2022-12-29,100.8,89.11,88.72,1340.3,226.3
2022-12-30,92.07,77.05,81.22,1301.4,232.5
2022-12-31,100.0,83.62,88.41,1344.5,230.7
2023-01-01,97.22,79.51,86.14,1321.9,228.6
2023-01-02,96.47,84.84,85.66,1323.0,229.7
2023-01-03,100.51,80.82,89.44,1324.0,228.2
2023-01-04,94.51,79.87,84.28,1326.6,227.9
2023-01-05,112.54,95.81,100.58,1272.8,228.5
2023-01-06,95.03,81.63,85.12,1318.3,231.7
2023-01-07,92.68,77.91,83.19,1304.9,230.0
2023-01-08,106.97,84.1,96.22,1312.3,227.5
2023-01-09,95.74,79.24,86.29,1331.4,227.9
2023-01-10,90.56,68.7,81.81,1304.8,224.3
2023-01-11,94.67,77.4,85.7,1297.9,227.8
2023-01-12,103.96,88.87,94.3,1318.3,228.7
2023-01-13,96.27,83.71,87.5,1287.0,228.3
2023-01-14,90.5,72.55,82.43,1333.1,227.9
2023-01-15,99.18,90.62,90.53,1346.8,226.2
2023-01-16,97.45,74.46,89.13,1278.9,229.3
2023-01-17,97.12,82.34,89.01,1317.6,229.5
2023-01-18,86.37,73.58,79.32,1333.7,227.6
2023-01-19,88.92,75.82,81.83,1293.0,227.7
2023-01-20,86.43,73.05,79.7,1289.3,227.4
2023-01-21,91.88,76.47,84.9,1287.6,228.1
2023-01-22,100.1,90.03,92.68,1323.1,228.5
2023-01-23,84.42,66.32,78.32,1323.6,224.2
2023-01-24,87.35,71.22,81.19,1290.4,226.5
2023-01-25,84.74,70.66,78.92,1324.7,224.9
2023-01-26,96.13,79.13,89.7,1268.8,226.4
2023-01-27,100.94,79.77,94.38,1301.8,229.9
2023-01-28,93.29,79.71,87.4,1272.9,225.5
2023-01-29,94.1,79.01,88.33,1292.2,224.3
2023-01-30,91.56,82.33,86.11,1280.5,224.8
2023-01-31,90.7,78.29,85.47,1265.2,228.0
2023-02-01,94.53,82.67,89.25,1291.5,228.9
2023-02-02,86.99,75.94,82.29,1259.2,227.5
2023-02-03,93.87,73.9,88.96,1296.5,223.3
2023-02-04,89.34,72.89,84.83,1295.5,226.0
2023-02-05,90.39,73.85,85.99,1281.7,230.7
2023-02-06,87.85,77.03,83.73,1272.1,227.7
2023-02-07,80.66,67.56,77.02,1291.3,223.3
2023-02-08,93.35,77.66,89.31,1291.8,225.8
2023-02-09,89.28,74.02,85.57,1264.4,223.3
2023-02-10,89.33,78.3,85.77,1276.3,226.5
2023-02-11,97.92,77.41,94.2,1263.4,227.7
2023-02-12,89.88,74.92,86.62,1279.3,227.1
2023-02-13,85.73,76.67,82.78,1254.0,226.7
2023-02-14,81.99,69.98,79.31,1271.6,231.6
2023-02-15,87.25,71.26,84.55,1264.1,227.9
2023-02-16,90.31,76.2,87.67,1282.6,226.8
2023-02-17,81.91,63.22,79.65,1252.6,229.0
2023-02-18,92.88,74.72,90.49,1267.6,229.0
2023-02-19,86.17,70.6,84.1,1252.4,228.3
2023-02-20,86.99,68.42,85.06,1229.0,233.0
2023-02-21,87.46,75.28,85.66,1253.1,226.0
2023-02-22,81.12,63.55,79.6,1269.5,230.0
2023-02-23,84.88,74.85,83.43,1268.8,229.8
2023-02-24,88.76,75.87,87.4,1241.9,224.6
2023-02-25,86.44,69.6,85.26,1272.6,228.6
2023-02-26,84.46,68.5,83.44,1277.1,225.5
2023-02-27,84.99,70.71,84.12,1231.8,227.6
2023-02-28,88.63,77.09,87.87,1251.7,230.0
2023-03-01,92.13,76.42,91.49,1269.0,227.8
2023-03-02,85.12,74.4,84.68,1272.5,223.1
2023-03-03,81.91,68.14,81.62,1249.4,229.1
2023-03-04,96.05,82.52,95.88,1266.1,224.3
2023-03-05,89.71,80.08,89.7,1268.6,226.5
2023-03-06,84.67,71.24,84.8,1252.7,229.9
2023-03-07,82.45,65.02,82.71,1234.4,225.1
2023-03-08,92.13,75.95,92.58,1246.1,228.5
2023-03-09,81.06,74.01,81.58,1223.9,226.0
2023-03-10,84.54,68.58,85.23,1223.7,222.9
2023-03-11,87.24,65.96,88.09,1204.0,226.0
2023-03-12,84.98,67.38,85.96,1251.0,226.1
2023-03-13,79.97,65.78,81.02,1253.4,224.9
2023-03-14,82.12,70.01,83.33,1193.1,227.5
2023-03-15,83.58,73.54,84.95,1220.1,227.6
2023-03-16,78.57,62.74,79.99,1216.2,226.6
2023-03-17,82.54,73.27,84.16,1237.3,226.7
2023-03-18,89.21,76.92,91.1,1225.5,228.8
2023-03-19,90.43,79.25,92.5,1237.4,224.7
2023-03-20,81.84,71.47,83.84,1223.7,229.9
2023-03-21,82.32,67.21,84.47,1227.2,226.2
2023-03-22,81.57,74.01,83.83,1221.5,226.7
2023-03-23,73.58,65.26,75.73,1242.8,225.6
2023-03-24,83.92,70.19,86.51,1198.4,225.1
2023-03-25,82.94,73.91,85.64,1201.7,229.5
2023-03-26,85.92,80.96,88.85,1198.1,225.8
2023-03-27,85.86,75.05,88.92,1223.1,228.5
2023-03-28,83.87,63.15,86.99,1180.4,228.3
2023-03-29,83.74,64.13,87.0,1173.0,227.0
2023-03-30,76.82,64.94,79.92,1224.1,229.7
2023-03-31,81.57,64.9,84.99,1181.5,227.7
2023-04-01,75.0,60.24,78.26,1189.9,223.1
2023-04-02,78.97,66.61,82.53,1179.4,226.2
2023-04-03,86.89,71.08,90.95,1191.0,233.1
2023-04-04,82.28,71.54,86.25,1262.7,227.6
2023-04-05,81.17,71.0,85.21,1196.1,227.3
2023-04-06,79.7,63.03,83.79,1201.1,229.5
2023-04-07,79.59,67.29,83.79,1180.0,230.4
2023-04-08,80.16,65.18,84.52,1196.7,225.6
2023-04-09,79.68,68.83,84.13,1217.3,227.5
2023-04-10,81.79,67.46,86.49,1198.6,227.5
2023-04-11,87.05,75.96,92.19,1235.4,224.5
2023-04-12,84.56,70.22,89.67,1178.7,227.0
2023-04-13,76.97,69.21,81.75,1149.9,227.9
2023-04-14,76.12,64.28,80.95,1199.6,227.1
2023-04-15,76.32,58.74,81.28,1198.7,231.5
2023-04-16,75.74,64.9,80.77,1190.4,229.0
2023-04-17,71.26,58.49,76.11,1160.5,228.2
2023-04-18,78.34,58.68,83.78,1175.7,227.5
2023-04-19,76.15,62.42,81.55,1189.3,229.0
2023-04-20,77.48,66.34,83.09,1189.1,227.0
2023-04-21,75.48,65.34,81.06,1196.3,224.3
2023-04-22,77.49,66.72,83.33,1161.8,225.0
2023-04-23,74.55,62.07,80.29,1142.5,228.0
2023-04-24,74.48,60.92,80.32,1175.6,230.1
2023-04-25,84.44,67.18,91.18,1190.4,226.6
2023-04-26,71.92,62.45,77.77,1150.3,229.3
2023-04-27,88.39,76.24,95.7,1207.2,228.4
2023-04-28,71.12,57.52,77.11,1167.4,229.8
2023-04-29,72.98,65.3,79.23,1195.7,225.2
2023-04-30,71.18,62.01,77.38,1207.3,225.1
2023-05-01,74.34,64.8,80.93,1137.9,231.1
2023-05-02,62.84,52.31,68.5,1179.1,224.0
2023-05-03,79.22,72.65,86.46,1204.4,228.2
2023-05-04,72.24,57.76,78.95,1157.9,230.7
2023-05-05,76.38,56.88,83.58,1204.7,228.3
2023-05-06,81.51,71.02,89.31,1184.4,230.4
2023-05-07,72.93,63.7,80.01,1156.7,230.2
2023-05-08,76.18,66.19,83.68,1161.3,229.2
2023-05-09,71.15,62.98,78.26,1129.3,228.2
2023-05-10,77.5,68.33,85.35,1146.0,225.2
2023-05-11,75.54,66.77,83.3,1171.7,224.6
2023-05-12,69.45,59.03,76.68,1151.7,227.0
2023-05-13,78.96,67.12,87.3,1162.9,223.7
2023-05-14,73.39,61.63,81.24,1177.9,228.7
2023-05-15,73.01,64.16,80.92,1175.9,232.4
2023-05-16,76.01,61.18,84.35,1160.2,227.6
2023-05-17,77.1,63.85,85.67,1140.0,228.2
2023-05-18,69.39,54.81,77.19,1153.5,225.0
2023-05-19,76.42,65.78,85.11,1153.5,227.2
2023-05-20,73.02,65.87,81.42,1134.8,227.6
2023-05-21,71.83,57.45,80.2,1153.9,227.0
2023-05-22,70.22,53.74,78.5,1129.0,228.3
2023-05-23,73.23,60.86,81.96,1143.6,226.1
2023-05-24,67.16,56.85,75.26,1130.9,227.7
2023-05-25,69.11,57.15,77.53,1132.1,228.4
2023-05-26,65.91,51.64,74.03,1158.7,230.3
2023-05-27,74.82,65.79,84.14,1157.4,227.6
2023-05-28,72.26,61.24,81.36,1134.6,226.3
2023-05-29,72.36,65.74,81.57,1162.1,227.2
2023-05-30,69.71,60.93,78.67,1150.5,228.4
2023-05-31,70.52,56.3,79.68,1146.3,225.6
2023-06-01,70.39,60.07,79.62,1131.8,226.0
2023-06-02,72.12,61.89,81.68,1145.4,227.7
2023-06-03,65.34,58.9,74.09,1122.3,223.4
2023-06-04,70.96,57.44,80.55,1134.3,227.2
2023-06-05,72.08,56.32,81.91,1153.4,226.6
2023-06-06,72.06,60.16,81.99,1145.8,228.6
2023-06-07,77.21,63.71,87.95,1114.5,225.7
2023-06-08,70.97,58.48,80.92,1147.1,226.6
2023-06-09,72.93,61.8,83.26,1099.6,227.4
2023-06-10,73.06,52.34,83.5,1122.1,226.0
2023-06-11,67.01,52.69,76.68,1144.5,225.4
2023-06-12,72.2,60.54,82.7,1104.4,226.1
2023-06-13,62.65,51.99,71.85,1125.7,223.2
2023-06-14,66.35,60.83,76.17,1127.3,225.4
2023-06-15,71.41,59.54,82.07,1142.6,228.6
2023-06-16,65.02,50.51,74.8,1105.9,224.3
2023-06-17,72.47,58.29,83.47,1131.4,225.3
2023-06-18,72.17,63.12,83.21,1099.4,226.9
2023-06-19,69.94,57.55,80.74,1105.0,228.8
2023-06-20,69.32,51.89,80.1,1111.1,224.9
2023-06-21,67.39,58.03,77.95,1107.4,226.1
2023-06-22,68.67,60.51,79.53,1128.1,230.1
2023-06-23,71.38,59.16,82.74,1156.1,227.7
2023-06-24,71.67,58.09,83.18,1106.4,228.8
2023-06-25,67.97,59.05,78.96,1105.9,225.3
2023-06-26,62.97,47.25,73.23,1138.2,226.1
2023-06-27,66.37,57.4,77.27,1151.2,229.5
2023-06-28,68.07,56.84,79.32,1098.8,228.1
2023-06-29,69.74,60.68,81.35,1107.1,228.6
2023-06-30,68.35,53.74,79.82,1072.7,228.8
2023-07-01,71.09,59.07,83.1,1083.1,229.1
2023-07-02,64.37,56.25,75.33,1064.7,226.7
2023-07-03,64.25,55.01,75.26,1089.9,225.2
2023-07-04,69.66,50.81,81.69,1128.4,226.0
2023-07-05,63.19,54.91,74.17,1076.4,226.6
2023-07-06,62.66,55.0,73.62,1079.9,222.9
2023-07-07,66.13,56.27,77.78,1100.9,228.4
2023-07-08,68.28,57.1,80.39,1058.8,229.2
2023-07-09,66.39,58.11,78.24,1095.8,227.6
2023-07-10,56.93,47.74,67.16,1038.0,226.1
2023-07-11,64.92,49.29,76.66,1081.6,227.6
2023-07-12,62.82,50.43,74.25,1054.5,224.0
2023-07-13,68.99,61.94,81.62,1069.9,223.8
2023-07-14,59.97,49.38,71.02,1081.1,230.8
2023-07-15,66.68,56.21,79.05,1080.1,223.3
2023-07-16,64.74,49.45,76.82,1077.3,229.1
2023-07-17,65.41,55.98,77.69,1125.0,230.2
2023-07-18,66.99,57.51,79.64,1093.5,227.4
2023-07-19,63.62,59.08,75.71,1044.3,227.3
2023-07-20,64.46,55.88,76.78,1048.9,227.7
2023-07-21,69.58,60.78,82.96,1102.4,223.1
2023-07-22,67.08,50.81,80.05,1074.6,226.1
2023-07-23,66.71,54.04,79.69,1098.7,230.2
2023-07-24,66.47,61.25,79.47,1092.9,227.6
2023-07-25,69.51,60.55,83.19,1065.6,227.1
2023-07-26,65.19,55.63,78.09,1073.2,227.5
2023-07-27,63.61,57.86,76.27,1057.2,226.0
2023-07-28,65.09,51.96,78.11,1086.8,224.9
2023-07-29,61.2,51.99,73.52,1069.3,229.3
2023-07-30,65.48,55.91,78.73,1090.1,225.5
2023-07-31,65.91,54.57,79.32,1050.9,231.9
2023-08-01,61.53,47.64,74.11,1057.9,226.8
2023-08-02,62.03,55.56,74.78,1051.3,228.1
2023-08-03,63.39,53.09,76.5,1091.2,230.7
2023-08-04,60.2,51.29,72.71,1059.2,228.3
2023-08-05,58.83,47.35,71.12,1056.6,224.6
2023-08-06,61.17,49.14,74.01,1053.8,226.2
2023-08-07,62.01,50.82,75.09,1080.0,224.0
2023-08-08,63.7,52.48,77.21,1115.1,227.0
2023-08-09,63.23,55.65,76.71,1104.5,225.3
2023-08-10,61.26,52.03,74.38,1067.5,226.9
2023-08-11,63.03,49.93,76.59,1033.1,230.1
2023-08-12,59.54,45.89,72.41,1039.3,230.8
2023-08-13,56.41,49.22,68.67,1055.9,223.9
2023-08-14,60.27,52.85,73.43,1002.3,223.8
2023-08-15,61.51,50.47,75.0,1034.7,227.5
2023-08-16,58.87,47.52,71.85,1064.1,227.0
2023-08-17,56.07,46.85,68.49,1013.5,224.7
2023-08-18,57.76,48.27,70.61,1055.0,226.9
2023-08-19,56.62,47.84,69.27,1032.3,227.3
2023-08-20,56.02,49.17,68.6,1029.4,226.7
2023-08-21,60.17,52.62,73.74,1052.8,229.8
2023-08-22,63.43,55.15,77.8,1071.6,229.5
2023-08-23,59.87,47.35,73.5,1037.5,227.1
2023-08-24,63.13,53.99,77.56,1065.3,229.9
2023-08-25,51.74,43.84,63.62,1043.4,229.1
2023-08-26,59.96,46.77,73.79,1013.0,227.6
2023-08-27,60.92,49.81,75.03,1056.6,222.1
2023-08-28,56.87,48.56,70.1,1059.7,224.5
2023-08-29,56.39,43.66,69.56,1040.4,226.5
2023-08-30,57.83,46.76,71.4,1005.8,228.3
2023-08-31,61.38,51.38,75.84,1000.7,224.6
2023-09-01,55.18,45.01,68.24,1038.7,229.5
2023-09-02,56.1,49.28,69.44,1037.5,230.3
2023-09-03,54.56,47.15,67.58,1041.2,228.3
2023-09-04,60.02,46.75,74.4,982.3,228.3
2023-09-05,56.1,44.73,69.6,1007.6,228.8
2023-09-06,57.73,50.85,71.68,1012.4,228.1
2023-09-07,59.27,50.8,73.65,1044.3,227.5
2023-09-08,56.34,40.18,70.05,1022.1,227.0
2023-09-09,53.42,47.69,66.48,1043.4,229.2
2023-09-10,58.98,49.19,73.46,999.9,229.1
2023-09-11,59.07,49.13,73.63,981.5,224.5
2023-09-12,61.88,49.29,77.19,1034.3,227.3
2023-09-13,58.06,51.43,72.47,1012.0,228.3
2023-09-14,57.26,48.96,71.53,1016.4,224.4
2023-09-15,57.72,47.77,72.16,989.4,228.6
2023-09-16,56.3,40.48,70.43,1016.0,227.0
2023-09-17,56.6,46.01,70.87,1016.4,231.3
2023-09-18,54.88,43.24,68.76,1011.5,228.8
2023-09-19,57.21,46.74,71.73,1023.4,227.6
2023-09-20,57.14,45.51,71.7,1024.7,228.3
2023-09-21,55.76,48.32,70.02,1033.2,227.6
2023-09-22,53.46,48.0,67.18,1008.3,224.2
2023-09-23,51.83,43.03,65.18,1039.7,227.2
2023-09-24,54.38,42.69,68.43,979.2,224.1
2023-09-25,53.97,44.17,67.97,1022.5,226.7
2023-09-26,54.53,44.44,68.73,1003.6,227.7
2023-09-27,54.24,48.76,68.41,999.5,224.9
2023-09-28,60.15,50.23,75.92,991.7,227.2
2023-09-29,54.21,48.45,68.47,1010.5,230.3
2023-09-30,51.49,39.87,65.08,1035.7,226.3
2023-10-01,55.1,45.92,69.7,1023.9,225.5
2023-10-02,53.89,42.57,68.21,1014.5,229.6
2023-10-03,59.92,49.62,75.89,992.7,227.8
2023-10-04,55.52,47.43,70.37,1027.1,227.3
2023-10-05,57.04,43.95,72.35,1001.8,228.4
2023-10-06,54.56,44.23,69.25,971.4,227.7
2023-10-07,54.89,45.3,69.72,975.0,225.8
2023-10-08,52.81,44.41,67.12,1022.6,225.1
2023-10-09,54.0,41.51,68.69,1011.7,231.0
2023-10-10,51.59,43.87,65.66,1013.5,228.3
2023-10-11,52.73,44.92,67.16,990.3,230.5
2023-10-12,54.65,47.8,69.65,969.0,226.9
2023-10-13,54.72,41.97,69.79,949.7,229.9
2023-10-14,54.16,44.41,69.12,967.3,225.8
2023-10-15,51.83,43.15,66.19,953.6,224.2
2023-10-16,59.27,49.85,75.73,1028.5,228.3
2023-10-17,52.99,44.31,67.76,969.8,229.3
2023-10-18,53.78,43.56,68.81,968.7,229.5
2023-10-19,56.37,47.2,72.17,967.6,228.2
2023-10-20,50.44,48.05,64.63,942.9,226.0
2023-10-21,52.33,44.84,67.08,940.3,228.2
2023-10-22,57.52,44.22,73.8,1008.1,228.1
2023-10-23,53.78,48.22,69.04,1010.5,227.2
2023-10-24,54.55,49.22,70.07,997.6,226.5
2023-10-25,51.38,44.59,66.04,983.0,225.1
2023-10-26,51.18,45.41,65.82,947.5,227.8
2023-10-27,49.33,45.91,63.49,996.5,227.9
2023-10-28,57.24,48.38,73.71,969.9,224.4
2023-10-29,50.76,44.53,65.41,979.5,231.3
2023-10-30,48.32,43.33,62.3,973.7,224.5
2023-10-31,54.75,43.87,70.64,982.3,226.0
2023-11-01,49.88,44.7,64.39,985.2,227.9
2023-11-02,53.3,44.86,68.86,961.8,228.1
2023-11-03,53.11,46.4,68.66,984.6,225.7
2023-11-04,53.93,47.01,69.76,956.8,225.5
2023-11-05,47.6,38.33,61.6,982.0,227.2
2023-11-06,52.02,46.3,67.37,981.5,227.3
2023-11-07,48.19,39.28,62.44,925.9,230.2
2023-11-08,51.0,43.08,66.12,959.4,225.2
2023-11-09,52.92,45.93,68.65,914.6,227.5
2023-11-10,46.3,39.68,60.1,925.9,227.1
2023-11-11,49.42,40.01,64.19,956.9,228.1
2023-11-12,48.04,37.46,62.43,951.9,226.8
2023-11-13,50.72,40.52,65.96,948.5,229.5
2023-11-14,47.41,40.93,61.69,965.9,228.7
2023-11-15,51.82,44.34,67.47,944.2,230.0
2023-11-16,49.38,40.74,64.33,927.4,227.6
2023-11-17,49.76,40.99,64.87,919.0,227.3
2023-11-18,50.37,41.32,65.69,915.5,226.6
2023-11-19,42.75,33.68,55.79,930.1,224.4
2023-11-20,46.94,40.9,61.29,931.8,228.1
2023-11-21,53.09,41.79,69.36,974.1,228.3
2023-11-22,46.34,38.85,60.58,948.2,228.5
2023-11-23,46.68,41.37,61.05,923.4,226.6
2023-11-24,48.29,40.16,63.19,959.6,225.0
2023-11-25,50.98,45.85,66.76,957.8,225.7
2023-11-26,45.57,35.95,59.71,932.1,227.8
2023-11-27,48.22,37.51,63.21,965.4,229.6
2023-11-28,51.74,38.15,67.87,959.6,224.2
2023-11-29,49.43,42.75,64.88,931.7,230.6
2023-11-30,46.15,34.67,60.61,936.0,223.2
2023-12-01,50.96,45.84,66.96,928.9,231.1
2023-12-02,47.55,43.06,62.51,945.8,225.3
2023-12-03,49.36,41.68,64.92,888.0,230.3
2023-12-04,46.27,37.0,60.89,952.0,226.5
2023-12-05,50.43,38.12,66.4,903.4,230.2
2023-12-06,47.16,40.08,62.13,918.1,222.8
2023-12-07,48.39,40.29,63.78,972.1,228.6
2023-12-08,43.39,36.58,57.22,922.7,229.4
2023-12-09,51.22,43.82,67.59,935.5,228.0
2023-12-10,50.66,39.91,66.88,936.0,228.6
2023-12-11,44.65,36.8,58.98,933.9,229.5
2023-12-12,50.99,42.81,67.38,917.3,227.8
2023-12-13,44.09,40.93,58.3,933.8,226.5
2023-12-14,44.17,38.25,58.44,922.5,224.8
2023-12-15,46.57,39.1,61.64,888.1,229.3
2023-12-16,47.39,37.49,62.77,898.7,229.6
2023-12-17,48.94,43.39,64.85,917.7,228.8
2023-12-18,46.55,42.08,61.72,930.5,229.0
2023-12-19,44.19,34.05,58.61,929.8,227.9
2023-12-20,49.06,37.11,65.11,921.8,226.5
2023-12-21,46.07,38.51,61.17,917.1,229.7
2023-12-22,47.86,39.5,63.58,913.5,226.5
2023-12-23,48.49,43.27,64.44,921.7,227.7
2023-12-24,44.89,35.3,59.7,894.8,228.5
2023-12-25,45.51,36.13,60.55,914.0,230.2
2023-12-26,47.49,36.55,63.21,930.0,221.6
2023-12-27,48.11,38.08,64.07,913.3,229.2
2023-12-28,44.4,37.3,59.17,890.4,226.6
2023-12-29,45.63,35.13,60.83,889.2,228.5
2023-12-30,42.45,41.1,56.61,933.9,223.7
2023-12-31,44.59,32.48,59.5,904.4,226.0
